{
    "model": {
        "params": {
            "network": {
                "type": "colorization.modules.colorization_network.ColorizationNetwork",
                "params": {
                    "base_network": "vgg"
                }
            },
            "optimizer": {
                "type": "colorization.util.training.OptimWrapper",
                "params": {
                    "optim_type": "torch.optim.Adam",
                    "optim_params": {
                        "lr": 3.16e-5,
                        "betas": [0.9, 0.99],
                        "weight_decay": 1e-3
                    }
                }
            }
        }
    }
}
